,experiment_name,test_accuracy,best_val_accuracy,history
train_loss,resnet_tuning_2b,0.8997833132743835,0.8958560228347778,"[1.515108399704387, 1.4985698707489072, 1.4529492997382376, 1.457202425767239, 1.426744049106836, 1.4310218871013447, 1.4314633509416805, 1.4535713683489917, 1.4235542698431547, 1.4159792878381496, 1.400089482060243, 1.399755025826218, 1.3932356764231173, 1.3803588394964057, 1.3733270816823773]"
train_acc,resnet_tuning_2b,0.8997833132743835,0.8958560228347778,"[0.7413464188575745, 0.7555192112922668, 0.7729626297950745, 0.7696920037269592, 0.7748705148696899, 0.7748705148696899, 0.7756881713867188, 0.7683292031288147, 0.7745979428291321, 0.7849550247192383, 0.7898609638214111, 0.7874079942703247, 0.7906786203384399, 0.7928590774536133, 0.7936767339706421]"
val_loss,resnet_tuning_2b,0.8997833132743835,0.8958560228347778,"[1.1727192453885675, 1.1571400048558558, 1.1470756322762958, 1.150252552822866, 1.1505469041536263, 1.138278024667222, 1.1225133698795198, 1.1249351719863543, 1.1241900172072383, 1.121412810088504, 1.1215493344948622, 1.1225166675698666, 1.1208222134682708, 1.1220402046794329, 1.1104083621514922]"
val_acc,resnet_tuning_2b,0.8997833132743835,0.8958560228347778,"[0.8762267827987671, 0.8822246193885803, 0.8958560228347778, 0.8811340928077698, 0.8784078359603882, 0.8827698826789856, 0.8882224559783936, 0.894220232963562, 0.8904034495353699, 0.888767659664154, 0.8876771926879883, 0.8865866661071777, 0.8865866661071777, 0.8849508762359619, 0.887131929397583]"
